"analysisId","Eval","predictionThreshold","PersonCountAtRisk","PersonCountWithOutcome","averagePredictedProbability","StDevPredictedProbability","MinPredictedProbability","P25PredictedProbability","MedianPredictedProbability","P75PredictedProbability","MaxPredictedProbability","observedIncidence"
"Analysis_1002","train",0,40265,46,0.00266573872497508,0,0.00266573872497508,0.00266573872497508,0.00266573872497508,0.00266573872497508,0.00266573872497508,0.00114243139202782
"Analysis_1002","train",0.00266573872497508,4100,5,0.0028958151405744,0.000123379696288709,0.00268793084330947,0.00275486398450361,0.00297817387530579,0.00297817387530579,0.00297817387530579,0.00121951219512195
"Analysis_1002","train",0.00297817387530579,11596,36,0.00348923585058585,0.000159656152980914,0.00300295916633168,0.00330534618015403,0.00358381555258011,0.00358381555258011,0.00358381555258011,0.00310451879958606
"Analysis_1002","train",0.00358381555258011,4799,65,0.00502976865061465,0.00101717437637847,0.00361362291407987,0.00443405519172294,0.00443405519172294,0.00595749997987249,0.0250180936817548,0.0135444884350906
"Analysis_1002","test",0,13479,13,0.00266573872497508,0,0.00266573872497508,0.00266573872497508,0.00266573872497508,0.00266573872497508,0.00266573872497508,0.000964463239112694
"Analysis_1002","test",0.00266573872497508,1430,2,0.00288609656441842,0.000127381048469775,0.00268793084330947,0.00271231069877473,0.00297817387530579,0.00297817387530579,0.00297817387530579,0.0013986013986014
"Analysis_1002","test",0.00297817387530579,1331,4,0.00330762693805855,0.000151083401663249,0.00300295916633168,0.00330534618015403,0.00330534618015403,0.00330534618015403,0.00358381555258011,0.00300525920360631
"Analysis_1002","test",0.00358381555258011,4012,31,0.00415388663635746,0.000975137889497991,0.00358381555258011,0.00358381555258011,0.00358381555258011,0.00443405519172294,0.0202623345962128,0.00772681954137587
